[
    {
        "isUsual":"1",
        "isFromCurrency":"1",
        "isSelect":"1",
        "code": "CNY",
        "name": "人民币"
    },
    {
        "isUsual":"1",
        "isSelect":"1",
        "code": "USD",
        "name": "美元"
    },
    {
        "code": "RUB",
        "name": "俄罗斯卢布"
    },
    {
        "isUsual":"1",
        "isSelect":"1",
        "code": "HKD",
        "name": "港元"
    },
    {
        "isUsual":"1",
        "isSelect":"1",
        "code": "EUR",
        "name": "欧元"
    },
    {
        "isUsual":"1",
        "isSelect":"1",
        "code": "JPY",
        "name": "日元"
    },
    {
        "code": "KRW",
        "name": "韩元"
    },
    {
        "isUsual":"1",
        "isSelect":"1",
        "code": "GBP",
        "name": "英镑"
    },
    {
        "code": "MOP",
        "name": "澳门元"
    },
    {
        "code": "TWD",
        "name": "台币"
    },
    {
        "code": "SGD",
        "name": "新加坡元"
    },
    {
        "code": "THB",
        "name": "泰国铢"
    },
    {
        "code": "CHF",
        "name": "瑞士法郎"
    },
    {
        "isUsual":"1",
        "isSelect":"1",
        "code": "AUD",
        "name": "澳大利亚元"
    },
    {
        "code": "AED",
        "name": "阿联酋迪拉姆"
    },
    {
        "code": "ALL",
        "name": "阿尔巴尼亚列克"
    },
    {
        "code": "ARS",
        "name": "阿根廷比索"
    },
    {
        "code": "AWG",
        "name": "阿鲁巴岛弗罗林"
    },
    {
        "code": "DZD",
        "name": "阿尔及利亚第纳尔"
    },
    {
        "code": "EEK",
        "name": "爱沙尼亚克伦尼"
    },
    {
        "code": "EGP",
        "name": "埃及镑"
    },
    {
        "code": "ETB",
        "name": "埃塞俄比亚比尔"
    },
    {
        "code": "OMR",
        "name": "阿曼里亚尔"
    },
    {
        "code": "BBD",
        "name": "巴巴多斯元"
    },
    {
        "code": "BGN",
        "name": "保加利亚列瓦"
    },
    {
        "code": "BHD",
        "name": "巴林第纳尔"
    },
    {
        "code": "BIF",
        "name": "布隆迪法郎"
    },
    {
        "code": "BMD",
        "name": "百慕大元"
    },
    {
        "code": "BOB",
        "name": "玻利维亚诺"
    },
    {
        "code": "BRL",
        "name": "巴西里亚伊"
    },
    {
        "code": "BSD",
        "name": "巴哈马元"
    },
    {
        "code": "BTN",
        "name": "不丹卢比"
    },
    {
        "code": "BWP",
        "name": "博茨瓦纳普拉"
    },
    {
        "code": "BYR",
        "name": "白俄罗斯卢布"
    },
    {
        "code": "BZD",
        "name": "伯利兹元"
    },
    {
        "code": "ISK",
        "name": "冰岛克朗"
    },
    {
        "code": "PAB",
        "name": "巴拿马巴尔博亚"
    },
    {
        "code": "PGK",
        "name": "巴布亚新几内亚基那"
    },
    {
        "code": "PKR",
        "name": "巴基斯坦卢比"
    },
    {
        "code": "PLN",
        "name": "波兰兹罗提"
    },
    {
        "code": "PYG",
        "name": "巴拉圭瓜拉尼"
    },
    {
        "code": "KPW",
        "name": "朝鲜圆"
    },
    {
        "code": "DEM",
        "name": "德国马克"
    },
    {
        "code": "DKK",
        "name": "丹麦克朗"
    },
    {
        "code": "DOP",
        "name": "多米尼加比索"
    },
    {
        "code": "XOF",
        "name": "多哥非洲共同体法郎"
    },
    {
        "code": "ECS",
        "name": "厄瓜多尔苏克雷"
    },
    {
        "code": "ERN",
        "name": "厄立特里亚"
    },
    {
        "code": "CVE",
        "name": "佛得角埃斯库多"
    },
    {
        "code": "FJD",
        "name": "斐济元"
    },
    {
        "code": "FKP",
        "name": "福克兰群岛镑"
    },
    {
        "code": "FRF",
        "name": "法国法郎"
    },
    {
        "code": "PHP",
        "name": "菲律宾比索"
    },
    {
        "code": "COP",
        "name": "哥伦比亚比索"
    },
    {
        "code": "CRC",
        "name": "哥斯达黎加科朗"
    },
    {
        "code": "CUP",
        "name": "古巴比索"
    },
    {
        "code": "GMD",
        "name": "冈比亚达拉西"
    },
    {
        "code": "GYD",
        "name": "圭亚那元"
    },
    {
        "code": "XAF",
        "name": "刚果中非共同体法郎"
    },
    {
        "code": "XCD",
        "name": "格林纳达东加勒比元"
    },
    {
        "code": "HNL",
        "name": "洪都拉斯伦皮拉"
    },
    {
        "code": "HTG",
        "name": "海地古德"
    },
    {
        "code": "KZT",
        "name": "哈萨克斯坦腾格"
    },
    {
        "code": "CAD",
        "name": "加拿大元"
    },
    {
        "code": "CZK",
        "name": "捷克克朗"
    },
    {
        "code": "DJF",
        "name": "吉布提法郎"
    },
    {
        "code": "GHC",
        "name": "加纳塞地"
    },
    {
        "code": "GNF",
        "name": "几内亚法郎"
    },
    {
        "code": "KHR",
        "name": "柬埔寨利尔斯"
    },
    {
        "code": "ZWD",
        "name": "津巴布韦元"
    },
    {
        "code": "HRK",
        "name": "克罗地亚库纳"
    },
    {
        "code": "KES",
        "name": "肯尼亚先令"
    },
    {
        "code": "KMF",
        "name": "科摩罗法郎"
    },
    {
        "code": "KWD",
        "name": "科威特第纳尔"
    },
    {
        "code": "KYD",
        "name": "开曼岛元"
    },
    {
        "code": "QAR",
        "name": "卡塔尔利尔"
    },
    {
        "code": "ANG",
        "name": "列斯荷兰盾"
    },
    {
        "code": "LAK",
        "name": "老挝基普"
    },
    {
        "code": "LBP",
        "name": "黎巴嫩镑"
    },
    {
        "code": "LRD",
        "name": "利比里亚元"
    },
    {
        "code": "LSL",
        "name": "莱索托洛提"
    },
    {
        "code": "LTL",
        "name": "立陶宛里塔斯"
    },
    {
        "code": "LVL",
        "name": "拉脱维亚拉图"
    },
    {
        "code": "LYD",
        "name": "利比亚第纳尔"
    },
    {
        "code": "ROL",
        "name": "罗马尼亚列伊"
    },
    {
        "code": "RON",
        "name": "罗马尼亚新列伊"
    },
    {
        "code": "RWF",
        "name": "卢旺达法郎"
    },
    {
        "code": "BDT",
        "name": "孟加拉塔卡"
    },
    {
        "code": "MAD",
        "name": "摩洛哥道拉姆"
    },
    {
        "code": "MDL",
        "name": "摩尔多瓦列伊"
    },
    {
        "code": "MGF",
        "name": "马达加斯加法郎"
    },
    {
        "code": "MKD",
        "name": "马其顿第纳尔"
    },
    {
        "code": "MMK",
        "name": "缅甸元"
    },
    {
        "code": "MNT",
        "name": "蒙古图格里克"
    },
    {
        "code": "MRO",
        "name": "毛里塔尼亚乌吉亚"
    },
    {
        "code": "MTL",
        "name": "马尔他里拉"
    },
    {
        "code": "MUR",
        "name": "毛里求斯卢比"
    },
    {
        "code": "MVR",
        "name": "马尔代夫卢非亚"
    },
    {
        "code": "MWK",
        "name": "马拉维克瓦查"
    },
    {
        "code": "MXN",
        "name": "墨西哥比索"
    },
    {
        "code": "MYR",
        "name": "马来西亚林吉特"
    },
    {
        "code": "MZM",
        "name": "莫桑比克美提卡"
    },
    {
        "code": "PEN",
        "name": "秘鲁索尔"
    },
    {
        "code": "NAD",
        "name": "纳米比亚元"
    },
    {
        "code": "NGN",
        "name": "尼日利亚奈拉"
    },
    {
        "code": "NIO",
        "name": "尼加拉瓜科多巴"
    },
    {
        "code": "NOK",
        "name": "挪威克朗"
    },
    {
        "code": "NPR",
        "name": "尼泊尔卢比"
    },
    {
        "code": "ZAR",
        "name": "南非兰特"
    },
    {
        "code": "SEK",
        "name": "瑞典克朗"
    },
    {
        "code": "CSD",
        "name": "塞尔维亚第纳尔"
    },
    {
        "code": "CYP",
        "name": "塞浦路斯镑"
    },
    {
        "code": "LKR",
        "name": "斯里兰卡卢比"
    },
    {
        "code": "SAR",
        "name": "沙特阿拉伯里亚尔"
    },
    {
        "code": "SBD",
        "name": "所罗门群岛元"
    },
    {
        "code": "SCR",
        "name": "塞舌尔法郎"
    },
    {
        "code": "SDD",
        "name": "苏丹第纳尔"
    },
    {
        "code": "SDP",
        "name": "苏丹镑"
    },
    {
        "code": "SHP",
        "name": "圣赫勒拿群岛磅"
    },
    {
        "code": "SIT",
        "name": "斯洛文尼亚托拉捷夫"
    },
    {
        "code": "SKK",
        "name": "斯洛伐克克朗"
    },
    {
        "code": "SLL",
        "name": "塞拉利昂利昂"
    },
    {
        "code": "SOS",
        "name": "索马里先令"
    },
    {
        "code": "SRG",
        "name": "苏里南盾"
    },
    {
        "code": "STD",
        "name": "圣多美多布拉"
    },
    {
        "code": "SVC",
        "name": "萨尔瓦多科朗"
    },
    {
        "code": "SZL",
        "name": "斯威士兰里兰吉尼"
    },
    {
        "code": "WST",
        "name": "萨摩亚塔拉"
    },
    {
        "code": "TND",
        "name": "突尼斯第纳尔"
    },
    {
        "code": "TOP",
        "name": "汤加潘加"
    },
    {
        "code": "TRY",
        "name": "土耳其新里拉"
    },
    {
        "code": "TTD",
        "name": "特立尼达和多巴哥元"
    },
    {
        "code": "TZS",
        "name": "坦桑尼亚先令"
    },
    {
        "code": "XPF",
        "name": "太平洋法郎"
    },
    {
        "code": "BND",
        "name": "文莱元"
    },
    {
        "code": "GTQ",
        "name": "危地马拉格查尔"
    },
    {
        "code": "UAH",
        "name": "乌克兰赫夫米"
    },
    {
        "code": "UGS",
        "name": "乌干达先令"
    },
    {
        "code": "UYU",
        "name": "乌拉圭新比索"
    },
    {
        "code": "VEB",
        "name": "委内瑞拉博利瓦"
    },
    {
        "code": "VUV",
        "name": "瓦努阿图瓦图"
    },
    {
        "code": "HUF",
        "name": "匈牙利福林"
    },
    {
        "code": "NZD",
        "name": "新西兰元"
    },
    {
        "code": "SYP",
        "name": "叙利亚镑"
    },
    {
        "code": "ZWN",
        "name": "新津巴布韦元"
    },
    {
        "code": "IDR",
        "name": "印度尼西亚卢比(盾)"
    },
    {
        "code": "ILS",
        "name": "以色列镑"
    },
    {
        "code": "INR",
        "name": "印度卢比"
    },
    {
        "code": "IQD",
        "name": "伊拉克第纳尔"
    },
    {
        "code": "IRR",
        "name": "伊朗里亚尔"
    },
    {
        "code": "ITL",
        "name": "意大利里拉"
    },
    {
        "code": "JMD",
        "name": "牙买加元"
    },
    {
        "code": "JOD",
        "name": "约旦第纳尔"
    },
    {
        "code": "VND",
        "name": "越南盾"
    },
    {
        "code": "YER",
        "name": "也门里亚尔"
    },
    {
        "code": "CLP",
        "name": "智利比索"
    },
    {
        "code": "GIP",
        "name": "直布罗陀镑"
    },
    {
        "code": "ZMK",
        "name": "赞比亚克瓦查"
    },
    {
        "code": "XAU",
        "name": "黄金"
    },
    {
        "code": "XAG",
        "name": "白银"
    },
    {
        "code": "XPT",
        "name": "铂"
    }
]